id,name,set,release,series,format,color,info,note,unverified,missing,labeled,cssClass
1,Rivals Quick Start Set,4ED,7/1/1996,starter,casual,,Early Products,,,TRUE,,
2,Introductory Two-Player Set,ITP,12/31/1996,starter,casual,,Early Products,,,TRUE,,
3,5th Edition set,5ED,3/24/1997,starter,casual,,Core Set 2-Player Sets,,,TRUE,,
4,Portal set,POR,5/1/1997,starter,casual,,Starter Set 2-Player Sets,,,TRUE,,
5,Deep Freeze,TMP,10/14/1997,theme,casual,WU,,,,TRUE,,
6,The Flames of Rath,TMP,10/14/1997,theme,casual,RW,,,,TRUE,,
7,The Slivers,TMP,10/14/1997,theme,casual,UB,,,,TRUE,,
8,The Swarm,TMP,10/14/1997,theme,casual,GW,,,,TRUE,,
9,Call of the Kor,STH,3/2/1998,theme,casual,WB,,,,TRUE,,
10,Migraine,STH,3/2/1998,theme,casual,B,,,,TRUE,,
11,The Sparkler,STH,3/2/1998,theme,casual,UR,,,,,,
12,The Spikes,STH,3/2/1998,theme,casual,RG,,,,TRUE,,
13,Dominator,EXO,6/15/1998,theme,casual,U,,,,,,
14,Groundbreaker,EXO,6/15/1998,theme,casual,BR,,,,TRUE,,
15,White Heat,EXO,6/15/1998,theme,casual,RW,,,,TRUE,,
16,Widowmaker,EXO,6/15/1998,theme,casual,UB,,,,TRUE,,
17,Portal Second Age set,P02,6/24/1998,starter,casual,,Starter Set 2-Player Sets,,,TRUE,,
18,Goblin Fire,P02,6/24/1998,theme,casual,R,,,,TRUE,,
19,Martial Law,P02,6/24/1998,theme,casual,W,,,,TRUE,,
20,Nature's Assault,P02,6/24/1998,theme,casual,G,,,,TRUE,,
21,Spellweaver,P02,6/24/1998,theme,casual,U,,,,TRUE,,
22,The Nightstalkers,P02,6/24/1998,theme,casual,B,,,,TRUE,,
23,Sleeper,USG,10/12/1998,theme,casual,W,,,,TRUE,,
24,Special Delivery,USG,10/12/1998,theme,casual,RG,,,,TRUE,,
25,The Plague,USG,10/12/1998,theme,casual,WB,,,,TRUE,,
26,Tombstone,USG,10/12/1998,theme,casual,WUB,,,,TRUE,,
27,Dark Alliance,ATH,11/1/1998,anthologies,casual,BR,,,TRUE,,,
28,Defenders of the Cause,ATH,11/1/1998,anthologies,casual,GW,,,TRUE,,,
29,Crusher,ULG,2/15/1999,theme,casual,GW,,,,TRUE,,
30,Phyrexian Assault,ULG,2/15/1999,theme,casual,BR,,,,TRUE,,
31,Radiant's Revenge,ULG,2/15/1999,theme,casual,WU,,,,TRUE,,
32,Time Drain,ULG,2/15/1999,theme,casual,GU,,,,TRUE,,
33,6th Edition set,6ED,4/21/1999,starter,casual,,Core Set 2-Player Sets,,,TRUE,,
34,Portal Three Kingdoms set,PTK,5/1/1999,starter,casual,,Starter Set 2-Player Sets,,,TRUE,,
35,Shu Kingdom,PTK,5/1/1999,theme,casual,W,,,,TRUE,,
36,Wei Kingdom,PTK,5/1/1999,theme,casual,B,,,,TRUE,,
37,Wu Kingdom,PTK,5/1/1999,theme,casual,U,,,,TRUE,,
38,Assassin,UDS,6/7/1999,theme,casual,B,,,,TRUE,,
39,Battle Surge,UDS,6/7/1999,theme,casual,UR,,,,TRUE,,
40,Enchanter,UDS,6/7/1999,theme,casual,WU,,,,TRUE,,
41,Fiendish Nature,UDS,6/7/1999,theme,casual,BG,,,,TRUE,,
42,Starter Game Box,S99,7/12/1999,starter,casual,,Starter Set 2-Player Sets,,,TRUE,,
43,Blinding Fury,S99,7/12/1999,theme,casual,W,,,,TRUE,,
44,Deadly Instinct,S99,7/12/1999,theme,casual,B,,,,TRUE,,
45,Goblin Assault,S99,7/12/1999,theme,casual,R,,,,TRUE,,
46,Impaler,S99,7/12/1999,theme,casual,G,,,,TRUE,,
47,Time Curse,S99,7/12/1999,theme,casual,U,,,,TRUE,,
48,Deepwood Menace,MMQ,10/4/1999,theme,casual,RG,,,,TRUE,,
49,Disruptor,MMQ,10/4/1999,theme,casual,BR,,,,TRUE,,
50,Rebel's Call,MMQ,10/4/1999,theme,casual,W,,,,TRUE,,
51,Tidal Mastery,MMQ,10/4/1999,theme,casual,WU,,,,TRUE,,
52,Chargoyf,BRB,11/12/1999,battle-royale,casual,RG,,,,,,
53,Cinder Heart,BRB,11/12/1999,battle-royale,casual,BR,,,,,,
54,Spirit Gale,BRB,11/12/1999,battle-royale,casual,WU,,,,,,
55,The Deluge,BRB,11/12/1999,battle-royale,casual,GW,,,,,,
56,Breakdown,NEM,2/14/2000,theme,casual,GU,,,,TRUE,,
57,Eruption,NEM,2/14/2000,theme,casual,RW,,,,TRUE,,
58,Mercenaries,NEM,2/14/2000,theme,casual,B,,,,TRUE,,
59,Replicator,NEM,2/14/2000,theme,casual,BG,,,,TRUE,,
60,Starter 2000 Game Box,S00,4/24/2000,starter,casual,,Starter Set 2-Player Sets,,,TRUE,,
61,Distress,PCY,6/5/2000,theme,casual,WB,,,,TRUE,,
62,Pummel,PCY,6/5/2000,theme,casual,G,,,,TRUE,,
63,Slither,PCY,6/5/2000,theme,casual,RG,,,,TRUE,,
64,Turnaround,PCY,6/5/2000,theme,casual,WU,,,,TRUE,,
65,Blowout,INV,10/2/2000,theme,casual,BR,,,,TRUE,,
66,Dismissal,INV,10/2/2000,theme,casual,UB,,,,TRUE,,
67,Heavy Duty,INV,10/2/2000,theme,casual,GW,,,,TRUE,,
68,Spectrum,INV,10/2/2000,theme,casual,WUBRG,,,,TRUE,,
69,Aerodoom,BTD,10/30/2000,beatdown,casual,UB,,,,,,
70,Ground Pounder,BTD,10/30/2000,beatdown,casual,RG,,,,,,
71,Barrage,PLS,2/5/2001,theme,casual,RG,,,,TRUE,,
72,Comeback,PLS,2/5/2001,theme,casual,WUB,,,,TRUE,,
73,Domain,PLS,2/5/2001,theme,casual,WUBRG,,,,,,
74,Scout,PLS,2/5/2001,theme,casual,RGW,,,,TRUE,,
75,7th Edition set,7ED,4/11/2001,starter,casual,,Core Set 2-Player Sets,,,TRUE,,
76,Armada,7ED,4/11/2001,theme,casual,W,,,,TRUE,,
77,Bomber,7ED,4/11/2001,theme,casual,U,,,,TRUE,,
78,Decay,7ED,4/11/2001,theme,casual,B,,,,TRUE,,
79,Infestation,7ED,4/11/2001,theme,casual,R,,,,TRUE,,
80,Way Wild,7ED,4/11/2001,theme,casual,G,,,,TRUE,,
81,Burial,APC,6/4/2001,theme,casual,WBG,,,,TRUE,,
82,Pandemonium,APC,6/4/2001,theme,casual,WUBRG,,,,TRUE,,
83,Swoop,APC,6/4/2001,theme,casual,GU,,,,TRUE,,
84,Whirlpool,APC,6/4/2001,theme,casual,UR,,,,TRUE,,
85,Finkel,DKM,9/17/2001,deckmasters,casual,BR,,,,,,
86,Garfield,DKM,9/17/2001,deckmasters,casual,RG,,,,,,
87,Liftoff,ODY,10/1/2001,theme,casual,WU,,,,,,
88,One-Two Punch,ODY,10/1/2001,theme,casual,RG,,,,,,
89,Pressure Cooker,ODY,10/1/2001,theme,casual,BR,,,,,,
90,Trounce-O-Matic,ODY,10/1/2001,theme,casual,GU,,,,,,
91,Grave Danger,TOR,2/8/2002,theme,casual,UB,,,,,,
92,Insanity,TOR,2/8/2002,theme,casual,BG,,,,,,
93,Sacrilege,TOR,2/8/2002,theme,casual,WB,,,,,,
94,Waking Nightmares,TOR,2/8/2002,theme,casual,BR,,,,,,
95,Air Razers,JUD,5/27/2002,theme,casual,UR,,,,TRUE,,
96,Inundation,JUD,5/27/2002,theme,casual,W,,,,,,
97,Painflow,JUD,5/27/2002,theme,casual,G,,,,TRUE,,
98,Spectral Slam,JUD,5/27/2002,theme,casual,GW,,,,TRUE,,
99,Bait and Switch,ONS,10/7/2002,theme,casual,UB,,,,TRUE,,
100,Celestial Assault,ONS,10/7/2002,theme,casual,WU,,,,TRUE,,
101,Devastation,ONS,10/7/2002,theme,casual,RG,,,,TRUE,,
102,Ivory Doom,ONS,10/7/2002,theme,casual,WB,,,,TRUE,,
103,Elvish Rage,LGN,2/3/2003,theme,casual,G,,,,TRUE,,
104,Morph Mayhem,LGN,2/3/2003,theme,casual,WU,,,,TRUE,,
105,Sliver Shivers,LGN,2/3/2003,theme,casual,GWU,,,,TRUE,,
106,Zombies Unleashed,LGN,2/3/2003,theme,casual,B,,,,TRUE,,
107,Goblin Mob,SCG,5/26/2003,theme,casual,R,,,,,,
108,Max Attax,SCG,5/26/2003,theme,casual,BG,,,,TRUE,,
109,Pulverize,SCG,5/26/2003,theme,casual,UR,,,,TRUE,,
110,Storm Surge,SCG,5/26/2003,theme,casual,WU,,,,TRUE,,
111,8th Edition Core Game,8ED,7/28/2003,starter,casual,,Core Set 2-Player Sets,,,TRUE,,
112,Expulsion,8ED,7/28/2003,theme,casual,B,,,,TRUE,,
113,Heavy Hitters,8ED,7/28/2003,theme,casual,G,,,,TRUE,,
114,Life Boost,8ED,7/28/2003,theme,casual,W,,,,TRUE,,
115,Sky Slam,8ED,7/28/2003,theme,casual,U,,,,TRUE,,
116,Speed Scorch,8ED,7/28/2003,theme,casual,R,,,,TRUE,,
117,Bait and Bludgeon,MRD,10/2/2003,theme,casual,UB,,,,TRUE,,
118,Little Bashers,MRD,10/2/2003,theme,casual,W,,,,TRUE,,
119,Sacrificial Bam,MRD,10/2/2003,theme,casual,BR,,,,TRUE,,
120,Wicked Big,MRD,10/2/2003,theme,casual,G,,,,TRUE,,
121,Master Blaster,DST,2/6/2004,theme,casual,R,,,,TRUE,,
122,Mind Swarm,DST,2/6/2004,theme,casual,B,,,,TRUE,,
123,Swarm and Slam,DST,2/6/2004,theme,casual,GW,,,,TRUE,,
124,Transference,DST,2/6/2004,theme,casual,U,,,,TRUE,,
125,Nuts and Bolts,5DN,6/4/2004,theme,casual,WU,,,,TRUE,,
126,Special Forces,5DN,6/4/2004,theme,casual,UB,,,,TRUE,,
127,Stampede,5DN,6/4/2004,theme,casual,RG,,,,TRUE,,
128,Sunburst,5DN,6/4/2004,theme,casual,WUBRG,,,,TRUE,,
129,Kami Reborn,CHK,10/1/2004,theme,casual,BG,,,,TRUE,,
130,Snake's Path,CHK,10/1/2004,theme,casual,G,,,,TRUE,,
131,Spiritbane,CHK,10/1/2004,theme,casual,R,,,,TRUE,,
132,Way of the Warrior,CHK,10/1/2004,theme,casual,W,,,,TRUE,,
133,Dark Devotion,BOK,2/4/2005,theme,casual,BR,,,,TRUE,,
134,Ninjutsu,BOK,2/4/2005,theme,casual,U,,,,TRUE,,
135,Rats' Nest,BOK,2/4/2005,theme,casual,B,,,,TRUE,,
136,Spiritcraft,BOK,2/4/2005,theme,casual,GW,,,,TRUE,,
137,Critical Mass,SOK,6/3/2005,theme,casual,BR,,,,TRUE,,
138,Soratami's Wisdom,SOK,6/3/2005,theme,casual,WU,,,,TRUE,,
139,Spirit Flames,SOK,6/3/2005,theme,casual,RG,,,,TRUE,,
140,Truth Seekers,SOK,6/3/2005,theme,casual,GW,,,,TRUE,,
141,9th Edition Core Game,9ED,7/29/2005,starter,casual,,Core Set 2-Player Sets,,,TRUE,,
142,Army of Justice,9ED,7/29/2005,theme,casual,W,,,,TRUE,,
143,Custom Creatures,9ED,7/29/2005,theme,casual,G,,,,TRUE,,
144,Dead Again,9ED,7/29/2005,theme,casual,B,,,,TRUE,,
145,Lofty Heights,9ED,7/29/2005,theme,casual,U,,,,TRUE,,
146,World Aflame,9ED,7/29/2005,theme,casual,R,,,,TRUE,,
147,Charge of the Boros,RAV,10/7/2005,theme,casual,RW,,,,TRUE,,
148,Dimir Intrigues,RAV,10/7/2005,theme,casual,UB,,,,TRUE,,
149,Golgari Deathcreep,RAV,10/7/2005,theme,casual,BG,,,,,,
150,Selesnya United,RAV,10/7/2005,theme,casual,GW,,,,TRUE,,
151,Code of the Orzhov,GPT,2/3/2006,theme,casual,WB,,,,TRUE,,
152,Gruul Wilding,GPT,2/3/2006,theme,casual,RG,,,,TRUE,,
153,Izzet Gizmometry,GPT,2/3/2006,theme,casual,UR,,,,,,
154,Azorius Ascendant,DIS,5/5/2006,theme,casual,WU,,,,,,
155,Rakdos Bloodsport,DIS,5/5/2006,theme,casual,BR,,,,,,
156,Simic Mutology,DIS,5/5/2006,theme,casual,GU,,,,,,
157,Aurochs Stampede,CSP,7/21/2006,theme,casual,RG,,,,,,
158,Beyond the Grave,CSP,7/21/2006,theme,casual,BRG,,,,,,
159,Kjeldoran Cunning,CSP,7/21/2006,theme,casual,WU,,,,,,
160,Snowscape,CSP,7/21/2006,theme,casual,UB,,,,TRUE,,
161,Fun With Fungus,TSP,10/6/2006,theme,casual,BG,,,,TRUE,,
162,Hope's Crusaders,TSP,10/6/2006,theme,casual,W,,,,TRUE,,
163,Reality Fracture,TSP,10/6/2006,theme,casual,UR,,,,TRUE,,
164,Sliver Evolution,TSP,10/6/2006,theme,casual,RGW,,,,TRUE,,
165,Endless March,PLC,2/2/2007,theme,casual,RW,,,,TRUE,,
166,Ixidor's Legacy,PLC,2/2/2007,theme,casual,U,,,,TRUE,,
167,Rituals of Rebirth,PLC,2/2/2007,theme,casual,WBG,,,,TRUE,,
168,Unraveling Mind,PLC,2/2/2007,theme,casual,BR,,,,TRUE,,
169,Fate Blaster,FUT,5/4/2007,theme,casual,UR,,,,TRUE,,
170,Future Shock,FUT,5/4/2007,theme,casual,RG,,,,TRUE,,
171,Rebels Unite,FUT,5/4/2007,theme,casual,WB,,,,TRUE,,
172,Suspended Sentence,FUT,5/4/2007,theme,casual,UB,,,,TRUE,,
173,Arcanis's Guile,10E,7/13/2007,theme,casual,U,,,,TRUE,,
174,Cho-Manno's Resolve,10E,7/13/2007,theme,casual,W,,,,TRUE,,
175,Evincar's Tyranny,10E,7/13/2007,theme,casual,B,,,,TRUE,,
176,Kamahl's Temper,10E,7/13/2007,theme,casual,R,,,,TRUE,,
177,Molimo's Might,10E,7/13/2007,theme,casual,G,,,,TRUE,,
178,10th Ed. Sample Deck - Black (A),10E,7/13/2007,welcome,casual,B,,,,TRUE,,
179,10th Ed. Sample Deck - Black (B),10E,7/13/2007,welcome,casual,B,,,,TRUE,,
180,10th Ed. Sample Deck - Blue (A),10E,7/13/2007,welcome,casual,U,,,,TRUE,,
181,10th Ed. Sample Deck - Blue (B),10E,7/13/2007,welcome,casual,U,,,,TRUE,,
182,10th Ed. Sample Deck - Green (A),10E,7/13/2007,welcome,casual,G,,,,TRUE,,
183,10th Ed. Sample Deck - Green (B),10E,7/13/2007,welcome,casual,G,,,,TRUE,,
184,10th Ed. Sample Deck - Red (A),10E,7/13/2007,welcome,casual,R,,,,TRUE,,
185,10th Ed. Sample Deck - Red (B),10E,7/13/2007,welcome,casual,R,,,,TRUE,,
186,10th Ed. Sample Deck - White (A),10E,7/13/2007,welcome,casual,W,,,,TRUE,,
187,10th Ed. Sample Deck - White (B),10E,7/13/2007,welcome,casual,W,,,,TRUE,,
188,Boggart Feast,LRW,10/12/2007,theme,casual,BR,,,,TRUE,,
189,Elementals' Path,LRW,10/12/2007,theme,casual,WUBRG,,,,TRUE,,
190,Elvish Predation,LRW,10/12/2007,theme,casual,BG,,,,TRUE,,
191,Kithkin Militia,LRW,10/12/2007,theme,casual,W,,,,TRUE,,
192,Merrow Riverways,LRW,10/12/2007,theme,casual,WU,,,,TRUE,,
193,Elves vs. Goblins,DD1,11/16/2007,duel,casual,,,,,,,
194,Battalion,MOR,2/1/2008,theme,casual,WU,,,,TRUE,,
195,Going Rogue,MOR,2/1/2008,theme,casual,UB,,,,TRUE,,
196,Shamanism,MOR,2/1/2008,theme,casual,WBG,,,,TRUE,,
197,Warrior's Code,MOR,2/1/2008,theme,casual,RG,,,,TRUE,,
198,Army of Entropy,SHM,5/2/2008,theme,casual,BR,,,,TRUE,,
199,Aura Mastery,SHM,5/2/2008,theme,casual,WU,,,,TRUE,,
200,Mortal Coil,SHM,5/2/2008,theme,casual,UB,,,,TRUE,,
201,Overkill,SHM,5/2/2008,theme,casual,RG,,,,TRUE,,
202,Turnabout,SHM,5/2/2008,theme,casual,GW,,,,TRUE,,
203,Battle Blitz,EVE,7/25/2008,theme,casual,RW,,,,TRUE,,
204,Death March,EVE,7/25/2008,theme,casual,BG,,,,TRUE,,
205,Life Drain,EVE,7/25/2008,theme,casual,WB,,,,TRUE,,
206,Sidestep,EVE,7/25/2008,theme,casual,UR,,,,TRUE,,
207,Superabundance,EVE,7/25/2008,theme,casual,GU,,,,TRUE,,
208,Bant Exalted,ALA,10/3/2008,intro,casual,GWU,,,,TRUE,,
209,Esper Artifice,ALA,10/3/2008,intro,casual,WUB,,,,TRUE,,
210,Grixis Undead,ALA,10/3/2008,intro,casual,UBR,,,,TRUE,,
211,Naya Behemoths,ALA,10/3/2008,intro,casual,RGW,,,,TRUE,,
212,Primordial Jund,ALA,10/3/2008,intro,casual,BRG,,,,TRUE,,
213,Jace vs. Chandra,DD2,11/7/2008,duel,casual,,,,,,,
214,Bant on the March,CON,2/6/2009,intro,casual,GWU,,,,TRUE,,
215,Esper Air Assault,CON,2/6/2009,intro,casual,WUB,,,,TRUE,,
216,Grixis Shambling Army,CON,2/6/2009,intro,casual,UBR,,,,TRUE,,
217,Jund Appetite for War,CON,2/6/2009,intro,casual,BRG,,,,TRUE,,
218,Naya Domain,CON,2/6/2009,intro,casual,RGW,,,,TRUE,,
219,Divine vs. Demonic,DDC,4/10/2009,duel,casual,,,,,,,
220,Dead Ahead,ARB,4/30/2009,intro,casual,BR,,,,TRUE,,
221,Eternal Siege,ARB,4/30/2009,intro,casual,GW,,,,TRUE,,
222,Legion Aloft,ARB,4/30/2009,intro,casual,WU,,,,TRUE,,
223,Rumbler,ARB,4/30/2009,intro,casual,RG,,,,TRUE,,
224,Unnatural Schemes,ARB,4/30/2009,intro,casual,UB,,,,TRUE,,
225,Death's Minions,M10,7/17/2009,intro,casual,BG,,,,TRUE,,
226,Firebomber,M10,7/17/2009,intro,casual,UR,,,,TRUE,,
227,Nature's Fury,M10,7/17/2009,intro,casual,GW,,,,TRUE,,
228,Presence of Mind,M10,7/17/2009,intro,casual,UB,,,,TRUE,,
229,We Are Legion,M10,7/17/2009,intro,casual,RW,,,,TRUE,,
230,Elemental Thunder,HOP,9/4/2009,planechase,planechase,RG,,,,,,
231,Metallic Dreams,HOP,9/4/2009,planechase,planechase,WUBRG,,,,,,
232,Strike Force,HOP,9/4/2009,planechase,planechase,RW,,,,,,
233,Zombie Empire,HOP,9/4/2009,planechase,planechase,B,,,,,,
234,Kor Armory,ZEN,10/2/2009,intro,casual,W,,,,TRUE,,
235,Pumped Up,ZEN,10/2/2009,intro,casual,UR,,,,TRUE,,
236,Rise of the Vampires,ZEN,10/2/2009,intro,casual,B,,,,TRUE,,
237,The Adventurers,ZEN,10/2/2009,intro,casual,RG,,,,TRUE,,
238,Unstable Terrain,ZEN,10/2/2009,intro,casual,GU,,,,TRUE,,
239,Garruk vs. Liliana,DDD,10/30/2009,duel,casual,,,,,,,
240,Slivers,H09,11/20/2009,premium,casual,WUBRG,,,,,,
241,Brute Force,WWK,2/5/2010,intro,casual,RG,,,,TRUE,,
242,Fangs of the Bloodchief,WWK,2/5/2010,intro,casual,B,,,,TRUE,,
243,Flyover,WWK,2/5/2010,intro,casual,WU,,,,TRUE,,
244,Mysterious Realms,WWK,2/5/2010,intro,casual,GU,,,,TRUE,,
245,Rapid Fire,WWK,2/5/2010,intro,casual,RW,,,,TRUE,,
246,Phyrexia vs. The Coalition,DDE,3/19/2010,duel,casual,,,,,,,
247,Eldrazi Arisen,ROE,4/23/2010,intro,casual,RG,,,,TRUE,,
248,Invading Spawn,ROE,4/23/2010,intro,casual,BR,,,,TRUE,,
249,Levelers' Glory,ROE,4/23/2010,intro,casual,WU,,,,TRUE,,
250,Levelers' Scorn,ROE,4/23/2010,intro,casual,UB,,,,TRUE,,
251,Totem Power,ROE,4/23/2010,intro,casual,GW,,,,TRUE,,
252,Ears of the Elves - Nissa Revane,DPA,6/4/2010,dotp,casual,BG,,,,,,
253,Eyes of Shadow - Liliana Vess,DPA,6/4/2010,dotp,casual,B,,,,,,
254,Hands of Flame - Chandra Nalaar,DPA,6/4/2010,dotp,casual,R,,,,,,
255,Teeth of the Predator - Garruk Wildspeaker,DPA,6/4/2010,dotp,casual,G,,,,,,
256,Thoughts of the Wind - Jace Beleren,DPA,6/4/2010,dotp,casual,U,,,,,,
257,Assemble the Doomsday Machine,ARC,6/18/2010,archenemy,archenemy,WUB,,,,,,
258,Bring About the Undead Apocalypse,ARC,6/18/2010,archenemy,archenemy,BR,,,,,,
259,Scorch the World with Dragonfire,ARC,6/18/2010,archenemy,archenemy,RG,,,,,,
260,Trample Civilization Underfoot,ARC,6/18/2010,archenemy,archenemy,GW,,,,,,
261,Blades of Victory,M11,7/16/2010,intro,casual,WB,,,,TRUE,,
262,Breath of Fire,M11,7/16/2010,intro,casual,UR,,,,TRUE,,
263,Power of Prophecy,M11,7/16/2010,intro,casual,WU,,,,TRUE,,
264,Reign of Vampirism,M11,7/16/2010,intro,casual,BG,,,,TRUE,,
265,Stampede of Beasts,M11,7/16/2010,intro,casual,RG,,,,TRUE,,
266,M11 Sample Deck - Black (A),M11,7/16/2010,welcome,casual,B,,,,TRUE,,
267,M11 Sample Deck - Black (B),M11,7/16/2010,welcome,casual,B,,,,TRUE,,
268,M11 Sample Deck - Blue (A),M11,7/16/2010,welcome,casual,U,,,,TRUE,,
269,M11 Sample Deck - Blue (B),M11,7/16/2010,welcome,casual,U,,,,TRUE,,
270,M11 Sample Deck - Green (A),M11,7/16/2010,welcome,casual,G,,,,TRUE,,
271,M11 Sample Deck - Green (B),M11,7/16/2010,welcome,casual,G,,,,TRUE,,
272,M11 Sample Deck - Red (A),M11,7/16/2010,welcome,casual,R,,,,TRUE,,
273,M11 Sample Deck - Red (B),M11,7/16/2010,welcome,casual,R,,,,TRUE,,
274,M11 Sample Deck - White (A),M11,7/16/2010,welcome,casual,W,,,,TRUE,,
275,M11 Sample Deck - White (B),M11,7/16/2010,welcome,casual,W,,,,TRUE,,
276,Elspeth vs. Tezzeret,DDF,9/3/2010,duel,casual,,,,,,,
277,Deadspread,SOM,10/1/2010,intro,casual,UB,,,,TRUE,,
278,Metalcraft,SOM,10/1/2010,intro,casual,UR,,,,TRUE,,
279,Myr of Mirrodin,SOM,10/1/2010,intro,casual,W,,,,TRUE,,
280,Phyrexian Poison,SOM,10/1/2010,intro,casual,BG,,,,TRUE,,
281,Relic Breaker,SOM,10/1/2010,intro,casual,RG,,,,TRUE,,
282,Fire and Lightning,PD2,11/19/2010,premium,casual,R,,,,,,
283,Battle Cries,MBS,2/4/2011,intro,casual,RW,,,,TRUE,,
284,Doom Inevitable,MBS,2/4/2011,intro,casual,UB,,,,TRUE,,
285,Mirromancy,MBS,2/4/2011,intro,casual,UR,,,,TRUE,,
286,Path of Blight,MBS,2/4/2011,intro,casual,GW,,,,TRUE,,
287,Infect and Defile,MBS,2/25/2011,event,standard,UB,,,TRUE,,TRUE,
288,Into the Breach,MBS,2/25/2011,event,standard,R,,,,,TRUE,
289,Knights vs. Dragons,DDG,4/1/2011,duel,casual,,,,,,,
290,Artful Destruction,NPH,5/13/2011,intro,casual,GW,,,,TRUE,,
291,Devouring Skies,NPH,5/13/2011,intro,casual,UB,,,,TRUE,,
292,Feast of Flesh,NPH,5/13/2011,intro,casual,BR,,,,TRUE,,
293,Life for Death,NPH,5/13/2011,intro,casual,RW,,,,TRUE,,
294,Ravaging Swarm,NPH,5/13/2011,intro,casual,GU,,,,TRUE,,
295,Rot from Within,NPH,6/10/2011,event,standard,G,,,TRUE,,TRUE,
296,War of Attrition,NPH,6/10/2011,event,standard,W,,,,,TRUE,
297,Counterpunch,CMD,6/17/2011,annual-commander,commander,WBG,,,,,,
298,Devour for Power,CMD,6/17/2011,annual-commander,commander,BGU,,,,,,
299,Heavenly Inferno,CMD,6/17/2011,annual-commander,commander,RWB,,,,,,
300,Mirror Mastery,CMD,6/17/2011,annual-commander,commander,GUR,,,,,,
301,Political Puppets,CMD,6/17/2011,annual-commander,commander,URW,,,,,,
302,Blood and Fire,M12,7/15/2011,intro,casual,BR,,,,,,
303,Entangling Webs,M12,7/15/2011,intro,casual,RG,,,,TRUE,,
304,Grab for Power,M12,7/15/2011,intro,casual,UB,,,,TRUE,,
305,Mystical Might,M12,7/15/2011,intro,casual,WU,,,,,,
306,Sacred Assault,M12,7/15/2011,intro,casual,GW,,,,TRUE,,
307,M12 Sample Deck - Black (A),M12,7/15/2011,welcome,casual,B,,,,TRUE,,
308,M12 Sample Deck - Black (B),M12,7/15/2011,welcome,casual,B,,,,TRUE,,
309,M12 Sample Deck - Blue (A),M12,7/15/2011,welcome,casual,U,,,,TRUE,,
310,M12 Sample Deck - Blue (B),M12,7/15/2011,welcome,casual,U,,,,TRUE,,
311,M12 Sample Deck - Green (A),M12,7/15/2011,welcome,casual,G,,,,TRUE,,
312,M12 Sample Deck - Green (B),M12,7/15/2011,welcome,casual,G,,,,TRUE,,
313,M12 Sample Deck - Red (A),M12,7/15/2011,welcome,casual,R,,,,TRUE,,
314,M12 Sample Deck - Red (B),M12,7/15/2011,welcome,casual,R,,,,TRUE,,
315,M12 Sample Deck - White (A),M12,7/15/2011,welcome,casual,W,,,,TRUE,,
316,M12 Sample Deck - White (B),M12,7/15/2011,welcome,casual,W,,,,TRUE,,
317,Illusionary Might,M12,8/12/2011,event,standard,U,,,,,TRUE,
318,Vampire Onslaught,M12,8/12/2011,event,standard,B,,,,,TRUE,
319,Ajani vs. Nicol Bolas,DDH,9/2/2011,duel,casual,,,,,,,
320,Carnival of Blood,ISD,9/30/2011,intro,casual,BR,,,,TRUE,,
321,Deathly Dominion,ISD,9/30/2011,intro,casual,BG,,,,TRUE,,
322,Eldritch Onslaught,ISD,9/30/2011,intro,casual,UR,,,,TRUE,,
323,Repel the Dark,ISD,9/30/2011,intro,casual,GW,,,,TRUE,,
324,Spectral Legions,ISD,9/30/2011,intro,casual,WU,,,,TRUE,,
325,Deathfed,ISD,10/28/2011,event,standard,BGU,,,,,TRUE,
326,Hold the Line,ISD,10/28/2011,event,standard,W,,,,,TRUE,
327,Graveborn,PD3,11/18/2011,premium,casual,B,,,,,,
328,Dark Sacrifice,DKA,2/3/2012,intro,casual,WB,,,,TRUE,,
329,Grave Power,DKA,2/3/2012,intro,casual,GU,,,,,,
330,Monstrous Surprise,DKA,2/3/2012,intro,casual,RG,,,,,,
331,Relentless Dead,DKA,2/3/2012,intro,casual,UB,,,,TRUE,,
332,Swift Justice,DKA,2/3/2012,intro,casual,RW,,,,TRUE,,
333,Gleeful Flames,DKA,2/24/2012,event,standard,R,,,,,TRUE,
334,Spiraling Doom,DKA,2/24/2012,event,standard,BG,,,,,TRUE,
335,Venser vs. Koth,DDI,3/30/2012,duel,casual,,,,,,,
336,Angelic Might,AVR,5/4/2012,intro,casual,GW,,,,TRUE,,
337,Bound by Strength,AVR,5/4/2012,intro,casual,GU,,,,,,
338,Fiery Dawn,AVR,5/4/2012,intro,casual,RW,,,,TRUE,,
339,Slaughterhouse,AVR,5/4/2012,intro,casual,BR,,,,TRUE,,
340,Solitary Fiends,AVR,5/4/2012,intro,casual,UB,,,,,,
341,Death's Encroach,AVR,5/25/2012,event,standard,B,,,,,TRUE,
342,Humanity's Vengeance,AVR,5/25/2012,event,standard,WU,,,,,TRUE,
343,Chaos Reigns,PC2,6/1/2012,planechase,planechase,WUBRG,,,,,,
344,Night of the Ninja,PC2,6/1/2012,planechase,planechase,UB,,,,,,
345,Primordial Hunger,PC2,6/1/2012,planechase,planechase,RG,,,,,,
346,Savage Auras,PC2,6/1/2012,planechase,planechase,GW,,,,,,
347,Depths of Power,M13,7/13/2012,intro,casual,UR,,,,TRUE,,
348,Mob Rule,M13,7/13/2012,intro,casual,RG,,,,TRUE,,
349,Path to Victory,M13,7/13/2012,intro,casual,WU,,,,,,
350,Sole Domination,M13,7/13/2012,intro,casual,WB,,,,,,
351,Wild Rush,M13,7/13/2012,intro,casual,BG,,,,TRUE,,
352,M13 Sample Deck - Black,M13,7/13/2012,welcome,casual,B,,,,TRUE,,
353,M13 Sample Deck - Blue,M13,7/13/2012,welcome,casual,U,,,,TRUE,,
354,M13 Sample Deck - Green,M13,7/13/2012,welcome,casual,G,,,,TRUE,,
355,M13 Sample Deck - Red,M13,7/13/2012,welcome,casual,R,,,,TRUE,,
356,M13 Sample Deck - White,M13,7/13/2012,welcome,casual,W,,,,TRUE,,
357,Repeat Performance,M13,8/3/2012,event,standard,GW,,,,,TRUE,
358,Sweet Revenge,M13,8/3/2012,event,standard,UBR,,,,,TRUE,
359,Izzet vs. Golgari,DDJ,9/7/2012,duel,casual,,,,,,,
360,Azorius Advance,RTR,10/5/2012,intro,casual,WU,,,,,,
361,Golgari Growth,RTR,10/5/2012,intro,casual,BG,,,,,,
362,Izzet Ingenuity,RTR,10/5/2012,intro,casual,UR,,,,,,
363,Rakdos Raid,RTR,10/5/2012,intro,casual,BR,,,,,,
364,Selesnya Surge,RTR,10/5/2012,intro,casual,GW,,,,,,
365,Creep and Conquer,RTR,10/26/2012,event,standard,BG,,,,,TRUE,
366,Wrack and Rage,RTR,10/26/2012,event,standard,BR,,,,,TRUE,
367,Boros Battalion,GTC,2/1/2013,intro,casual,RW,,,,,,
368,Dimir Dementia,GTC,2/1/2013,intro,casual,UB,,,,,,
369,Gruul Goliaths,GTC,2/1/2013,intro,casual,RG,,,,,,
370,Orzhov Oppression,GTC,2/1/2013,intro,casual,WB,,,,,,
371,Simic Synthesis,GTC,2/1/2013,intro,casual,GU,,,,,,
372,Rally and Rout,GTC,2/22/2013,event,standard,RW,,,,,TRUE,
373,Thrive and Thrash,GTC,2/22/2013,event,standard,GUR,,,,,TRUE,
374,Sorin vs. Tibalt,DDK,3/15/2013,duel,casual,,,,,,,
375,Azorius Authority,DGM,5/3/2013,intro,casual,WU,,,,,,
376,Gruul Siege,DGM,5/3/2013,intro,casual,RG,,,,,,
377,Orzhov Power,DGM,5/3/2013,intro,casual,WB,,,,,,
378,Rakdos Revelry,DGM,5/3/2013,intro,casual,BR,,,,,,
379,Simic Domination,DGM,5/3/2013,intro,casual,GU,,,,,,
380,Strength of Selesnya,DGM,5/24/2013,event,standard,WBG,,,,,TRUE,
381,Bestial Strength,M14,7/19/2013,intro,casual,BG,,,,TRUE,,
382,Death Reaper,M14,7/19/2013,intro,casual,BR,,,,TRUE,,
383,Fire Surge,M14,7/19/2013,intro,casual,UR,,,,TRUE,,
384,Lightforce,M14,7/19/2013,intro,casual,GW,,,,TRUE,,
385,Psychic Labyrinth,M14,7/19/2013,intro,casual,WU,,,,TRUE,,
386,M14 Sample Deck - Black,M14,7/19/2013,welcome,casual,B,,,,TRUE,,
387,M14 Sample Deck - Blue,M14,7/19/2013,welcome,casual,U,,,,TRUE,,
388,M14 Sample Deck - Green,M14,7/19/2013,welcome,casual,G,,,,TRUE,,
389,M14 Sample Deck - Red,M14,7/19/2013,welcome,casual,R,,,,TRUE,,
390,M14 Sample Deck - White,M14,7/19/2013,welcome,casual,W,,,,TRUE,,
391,Rush of the Wild,M14,8/9/2013,event,standard,RG,,,,,TRUE,
392,Heroes vs. Monsters,DDL,9/6/2013,duel,casual,,,,,,,
393,Anthousa's Army,THS,9/27/2013,intro,casual,GW,,,,TRUE,,
394,Blazing Beasts of Myth,THS,9/27/2013,intro,casual,RG,,,,TRUE,,
395,Devotion to Darkness,THS,9/27/2013,intro,casual,UB,,,,TRUE,,
396,Favors from Nyx,THS,9/27/2013,intro,casual,WB,,,,TRUE,,
397,Manipulative Monstrosities,THS,9/27/2013,intro,casual,UR,,,,TRUE,,
398,Inspiring Heroics,THS,10/18/2013,event,standard,WU,,,,,TRUE,
399,Eternal Bargain,C13,11/1/2013,annual-commander,commander,WUB,,,,,,
400,Evasive Maneuvers,C13,11/1/2013,annual-commander,commander,GWU,,,,,,
401,Mind Seize,C13,11/1/2013,annual-commander,commander,UBR,,,,,,
402,Nature of the Beast,C13,11/1/2013,annual-commander,commander,RGW,,,,,,
403,Power Hungry,C13,11/1/2013,annual-commander,commander,BRG,,,,,,
404,Death's Beginning,BNG,2/7/2014,intro,casual,BG,,,,TRUE,,
405,Forged in Battle,BNG,2/7/2014,intro,casual,RW,,,,TRUE,,
406,Gifts of the Gods,BNG,2/7/2014,intro,casual,WU,,,,TRUE,,
407,Insatiable Hunger,BNG,2/7/2014,intro,casual,RG,,,,TRUE,,
408,Inspiration-Struck,BNG,2/7/2014,intro,casual,UB,,,,TRUE,,
409,Underworld Herald,BNG,2/28/2014,event,standard,B,,,,,TRUE,
410,Jace vs. Vraska,DDM,3/14/2014,duel,casual,,,,,,,
411,Fates Foreseen,JOU,5/2/2014,intro,casual,UR,,,,TRUE,,
412,Mortals of Myth,JOU,5/2/2014,intro,casual,GW,,,,TRUE,,
413,Pantheon's Power,JOU,5/2/2014,intro,casual,WB,,,,TRUE,,
414,The Wilds and the Deep,JOU,5/2/2014,intro,casual,GU,,,,TRUE,,
415,Voracious Rage,JOU,5/2/2014,intro,casual,BR,,,,TRUE,,
416,Wrath of the Mortals,JOU,5/23/2014,event,standard,UR,,,,,TRUE,
417,March of the Multitudes,MD1,5/30/2014,event,modern,WB,,,,,,
418,Fate and Fury,M15,7/18/2014,clash,casual,GUR,,,,,TRUE,
419,Flames of the Dragon,M15,7/18/2014,intro,casual,UR,,,,TRUE,,
420,Hit the Ground Running,M15,7/18/2014,intro,casual,GU,,,,TRUE,,
421,Infernal Intervention,M15,7/18/2014,intro,casual,BR,,,,TRUE,,
422,Price of Glory,M15,7/18/2014,intro,casual,WB,,,,TRUE,,
423,Will of the Masses,M15,7/18/2014,intro,casual,GW,,,,TRUE,,
424,M15 Sample Deck - Black,M15,7/18/2014,welcome,casual,B,,,,TRUE,,
425,M15 Sample Deck - Blue,M15,7/18/2014,welcome,casual,U,,,,TRUE,,
426,M15 Sample Deck - Green,M15,7/18/2014,welcome,casual,G,,,,TRUE,,
427,M15 Sample Deck - Red,M15,7/18/2014,welcome,casual,R,,,,TRUE,,
428,M15 Sample Deck - White,M15,7/18/2014,welcome,casual,W,,,,TRUE,,
429,Speed vs. Cunning,DDN,9/5/2014,duel,casual,,,,,,,
430,Conquering Hordes,KTK,9/26/2014,event,standard,WB,,,,,TRUE,
431,Abzan Siege,KTK,9/26/2014,intro,casual,WBG,,,,,,
432,Jeskai Monks,KTK,9/26/2014,intro,casual,URW,,,,TRUE,,
433,Mardu Raiders,KTK,9/26/2014,intro,casual,RWB,,,,TRUE,,
434,Sultai Schemers,KTK,9/26/2014,intro,casual,BGU,,,,TRUE,,
435,Temur Avalanche,KTK,9/26/2014,intro,casual,GUR,,,,TRUE,,
436,Built from Scratch,C14,11/7/2014,annual-commander,commander,R,,,,,,
437,Forged in Stone,C14,11/7/2014,annual-commander,commander,W,,,,,,
438,Guided by Nature,C14,11/7/2014,annual-commander,commander,G,,,,,,
439,Peer Through Time,C14,11/7/2014,annual-commander,commander,U,,,,,,
440,Sworn to Darkness,C14,11/7/2014,annual-commander,commander,B,,,,,,
441,Duel Decks Anthology,DD3,12/5/2014,duel,casual,,,,,,,
442,Power and Profit,FRF,1/23/2015,clash,casual,BGU,,,,,TRUE,
443,Cunning Plan,FRF,1/23/2015,intro,casual,UR,,,,TRUE,,
444,Grave Advantage,FRF,1/23/2015,intro,casual,BG,,,,TRUE,,
445,Stampeding Hordes,FRF,1/23/2015,intro,casual,RW,,,,TRUE,,
446,Surprise Attack,FRF,1/23/2015,intro,casual,GU,,,,TRUE,,
447,Unflinching Assault,FRF,1/23/2015,intro,casual,WB,,,,TRUE,,
448,Elspeth vs. Kiora,DDO,2/27/2015,duel,casual,,,,,,,
449,Landslide Charge,DTK,3/27/2015,event,standard,GUR,,,,,TRUE,
450,Cruel Plots,DTK,3/27/2015,intro,casual,UB,,,,TRUE,,
451,Enlightened Mastery,DTK,3/27/2015,intro,casual,WU,,,,TRUE,,
452,Furious Forces,DTK,3/27/2015,intro,casual,RG,,,,TRUE,,
453,Massed Ranks,DTK,3/27/2015,intro,casual,GW,,,,TRUE,,
454,Relentless Rush,DTK,3/27/2015,intro,casual,BR,,,,TRUE,,
455,Armed and Dangerous,ORI,7/17/2015,clash,casual,WBG,,,,,TRUE,
456,Assemble Victory,ORI,7/17/2015,intro,casual,UR,,,,TRUE,,
457,Brave the Battle,ORI,7/17/2015,intro,casual,GW,,,,TRUE,,
458,Demonic Deals,ORI,7/17/2015,intro,casual,BR,,,,TRUE,,
459,Hunting Pack,ORI,7/17/2015,intro,casual,BG,,,,TRUE,,
460,Take to the Sky,ORI,7/17/2015,intro,casual,WU,,,,TRUE,,
461,Magic Origins Sample Deck - Black,ORI,7/17/2015,welcome,casual,B,,,,TRUE,,
462,Magic Origins Sample Deck - Blue,ORI,7/17/2015,welcome,casual,U,,,,TRUE,,
463,Magic Origins Sample Deck - Green,ORI,7/17/2015,welcome,casual,G,,,,TRUE,,
464,Magic Origins Sample Deck - Red,ORI,7/17/2015,welcome,casual,R,,,,TRUE,,
465,Magic Origins Sample Deck - White,ORI,7/17/2015,welcome,casual,W,,,,TRUE,,
466,Zendikar vs. Eldrazi,DDP,8/28/2015,duel,casual,,,,,,,
467,Ultimate Sacrifice,BFZ,10/2/2015,event,standard,BG,,,,,TRUE,
468,Call of Blood,BFZ,10/2/2015,intro,casual,WB,,,,TRUE,,
469,Eldrazi Assault,BFZ,10/2/2015,intro,casual,BR,,,,TRUE,,
470,Rallying Cry,BFZ,10/2/2015,intro,casual,RW,,,,,,
471,Swarming Instinct,BFZ,10/2/2015,intro,casual,GU,,,,TRUE,,
472,Zendikar's Rage,BFZ,10/2/2015,intro,casual,RG,,,,TRUE,,
473,Call the Spirits,C15,11/13/2015,annual-commander,commander,WB,,,,,,
474,Plunder the Graves,C15,11/13/2015,annual-commander,commander,BG,,,,,,
475,Seize Control,C15,11/13/2015,annual-commander,commander,UR,,,,,,
476,Swell the Host,C15,11/13/2015,annual-commander,commander,GU,,,,,,
477,Wade into Battle,C15,11/13/2015,annual-commander,commander,RW,,,,,,
478,Concerted Effort,OGW,1/22/2016,intro,casual,GW,,,,TRUE,,
479,Desperate Stand,OGW,1/22/2016,intro,casual,WB,,,,TRUE,,
480,Surge of Resistance,OGW,1/22/2016,intro,casual,UR,,,,TRUE,,
481,Twisted Reality,OGW,1/22/2016,intro,casual,U,,,,TRUE,,
482,Vicious Cycle,OGW,1/22/2016,intro,casual,BG,,,,TRUE,,
483,Blessed vs. Cursed,DDQ,2/26/2016,duel,casual,,,,,,,
484,Angelic Fury,SOI,4/8/2016,intro,casual,RW,,,,TRUE,,
485,Ghostly Tide,SOI,4/8/2016,intro,casual,WU,,,,TRUE,,
486,Horrific Visions,SOI,4/8/2016,intro,casual,BG,,,,TRUE,,
487,Unearthed Secrets,SOI,4/8/2016,intro,casual,GU,,,,TRUE,,
488,Vampiric Thirst,SOI,4/8/2016,intro,casual,BR,,,,TRUE,,
489,Welcome Deck 2016 - Black,W16,4/8/2016,welcome,casual,B,,,,TRUE,,
490,Welcome Deck 2016 - Blue,W16,4/8/2016,welcome,casual,U,,,,TRUE,,
491,Welcome Deck 2016 - Green,W16,4/8/2016,welcome,casual,G,,,,TRUE,,
492,Welcome Deck 2016 - Red,W16,4/8/2016,welcome,casual,R,,,,TRUE,,
493,Welcome Deck 2016 - White,W16,4/8/2016,welcome,casual,W,,,,TRUE,,
494,Dangerous Knowledge,EMN,7/22/2016,intro,casual,UR,,,,TRUE,,
495,Shallow Graves,EMN,7/22/2016,intro,casual,UB,,,,TRUE,,
496,Unlikely Alliances,EMN,7/22/2016,intro,casual,WB,,,,TRUE,,
497,Untamed Wild,EMN,7/22/2016,intro,casual,RG,,,,TRUE,,
498,Weapons and Wards,EMN,7/22/2016,intro,casual,GW,,,,TRUE,,
499,Nissa vs. Ob Nixilis,DDR,9/2/2016,duel,casual,,,,,,,
500,"Chandra, Pyrogenius",KLD,9/30/2016,planeswalker,casual,RW,,,,,,
501,"Nissa, Nature's Artisan",KLD,9/30/2016,planeswalker,casual,GU,,,,,,
502,Breed Lethality,C16,11/11/2016,annual-commander,commander,GWUB,,,,,,
503,Entropic Uprising,C16,11/11/2016,annual-commander,commander,UBRG,,,,,,
504,Invent Superiority,C16,11/11/2016,annual-commander,commander,WUBR,,,,,,
505,Open Hostility,C16,11/11/2016,annual-commander,commander,BRGW,,,,,,
506,Stalwart Unity,C16,11/11/2016,annual-commander,commander,RGWU,,,,,,
507,Chaos Reigns,PCA,11/25/2016,planechase,planechase,WUBRG,,,,,,
508,Night of the Ninja,PCA,11/25/2016,planechase,planechase,UB,,,,,,
509,PLANES AND PHENOMENA,PCA,11/25/2016,planechase,planechase,,,,,,,
510,Primordial Hunger,PCA,11/25/2016,planechase,planechase,RG,,,,,,
511,Savage Auras,PCA,11/25/2016,planechase,planechase,GW,,,,,,
512,TOKENS,PCA,11/25/2016,planechase,planechase,,,,,,,
513,"Ajani, Valiant Protector",AER,1/20/2017,planeswalker,casual,GW,,,,,,
514,"Tezzeret, Master of Metal",AER,1/20/2017,planeswalker,casual,UB,,,,,,
515,Mind vs. Might,DDS,3/31/2017,duel,casual,,,,,,,
516,Welcome Deck 2017 - Black,W17,4/15/2017,welcome,casual,B,,,,TRUE,,
517,Welcome Deck 2017 - Blue,W17,4/15/2017,welcome,casual,U,,,,TRUE,,
518,Welcome Deck 2017 - Green,W17,4/15/2017,welcome,casual,G,,,,TRUE,,
519,Welcome Deck 2017 - Red,W17,4/15/2017,welcome,casual,R,,,,TRUE,,
520,Welcome Deck 2017 - White,W17,4/15/2017,welcome,casual,W,,,,TRUE,,
521,"Gideon, Martial Paragon",AKH,4/28/2017,planeswalker,casual,RW,,,,,,
522,"Liliana, Death Wielder",AKH,4/28/2017,planeswalker,casual,BG,,,,,,
523,Evasive Maneuvers,CMA,6/9/2017,commander-anthology,commander,GWU,,,,,,
524,Guided by Nature,CMA,6/9/2017,commander-anthology,commander,G,,,,,,
525,Heavenly Inferno,CMA,6/9/2017,commander-anthology,commander,RWB,,,,,,
526,Plunder the Graves,CMA,6/9/2017,commander-anthology,commander,BG,,,,,,
527,Chandra Nalaar,E01,6/16/2017,archenemy,archenemy,R,,,,,,
528,Gideon Jura,E01,6/16/2017,archenemy,archenemy,W,,,,,,
529,Nicol Bolas,E01,6/16/2017,archenemy,archenemy,UBR,,incl. 20 schemes,,,,
530,Nissa Revane,E01,6/16/2017,archenemy,archenemy,GU,,,,,,
531,TOKENS,E01,6/16/2017,archenemy,archenemy,,,,,,,
532,"Nicol Bolas, the Deceiver",HOU,7/14/2017,planeswalker,casual,UBR,,,,,,
533,"Nissa, Genesis Mage",HOU,7/14/2017,planeswalker,casual,GU,,,,,,
534,Arcane Wizardry,C17,8/25/2017,annual-commander,commander,UBR,,,,,,
535,Draconic Domination,C17,8/25/2017,annual-commander,commander,WUBRG,,,,,,
536,Feline Ferocity,C17,8/25/2017,annual-commander,commander,GW,,,,,,
537,Vampiric Bloodlust,C17,8/25/2017,annual-commander,commander,RWB,,,,,,
538,"Huatli, Dinosaur Knight",XLN,9/29/2017,planeswalker,casual,RW,,,,,,
539,"Jace, Ingenious Mind-Mage",XLN,9/29/2017,planeswalker,casual,GU,,,,,,
540,Merfolk vs. Goblins,DDT,11/10/2017,duel,casual,,,,,,,
541,Brazen Coalition,E02,11/24/2017,explorers,casual,UBR,,,,,,
542,Legion of Dusk,E02,11/24/2017,explorers,casual,WB,,,,,,
543,River Heralds,E02,11/24/2017,explorers,casual,GU,,,,,,
544,Sun Empire,E02,11/24/2017,explorers,casual,RGW,,,,,,
545,TOKENS,E02,11/24/2017,explorers,casual,,,,,,,
546,"Angrath, Minotaur Pirate",RIX,1/19/2018,planeswalker,casual,BR,,,,,,
547,"Vraska, Scheming Gorgon",RIX,1/19/2018,planeswalker,casual,WB,,,,,,
548,Counter Surge,Q01,4/6/2018,challenger,standard,BG,,,,,,
549,Hazoret Aggro,Q01,4/6/2018,challenger,standard,R,,,,,,
550,Second Sun Control,Q01,4/6/2018,challenger,standard,WU,,,,,,
551,Vehicle Rush,Q01,4/6/2018,challenger,standard,RWB,,,,,,
552,Elves vs. Inventors,DDU,4/6/2018,duel,casual,,,,,,,
553,"Chandra, Bold Pyromancer",DOM,4/27/2018,planeswalker,casual,RG,,,,,,
554,"Teferi, Timebender",DOM,4/27/2018,planeswalker,casual,WU,,,,,,
555,Breed Lethality,CM2,6/8/2018,commander-anthology,commander,GWUB,,,,,,
556,Built from Scratch,CM2,6/8/2018,commander-anthology,commander,R,,,,,,
557,Devour for Power,CM2,6/8/2018,commander-anthology,commander,BGU,,,,,,
558,Wade into Battle,CM2,6/8/2018,commander-anthology,commander,RW,,,,,,
559,Jiang Yanggu vs. Mu Yanling,GS1,6/22/2018,duel,casual,,,,,,,
560,Jiang Yanggu,GS1,6/22/2018,planeswalker,casual,RG,,,,,,
561,Mu Yanling,GS1,6/22/2018,planeswalker,casual,WU,,,,,,
562,"Ajani, Wise Counselor",M19,7/13/2018,planeswalker,casual,W,,,,,,
563,"Liliana, the Necromancer",M19,7/13/2018,planeswalker,casual,B,,,,,,
564,"Sarkhan, Dragonsoul",M19,7/13/2018,planeswalker,casual,R,,,,,,
565,"Tezzeret, Cruel Machinist",M19,7/13/2018,planeswalker,casual,U,,,,,,
566,Vivien of the Arkbow,M19,7/13/2018,planeswalker,casual,G,,,,,,
567,Deck Builder's Toolkit,M19,7/13/2018,toolkit,casual,,,,,,TRUE,
568,Core 2019 Welcome Deck - Black,M19,7/13/2018,welcome,casual,B,,,,TRUE,,
569,Core 2019 Welcome Deck - Blue,M19,7/13/2018,welcome,casual,U,,,,TRUE,,
570,Core 2019 Welcome Deck - Green,M19,7/13/2018,welcome,casual,G,,,,TRUE,,
571,Core 2019 Welcome Deck - Red,M19,7/13/2018,welcome,casual,R,,,,TRUE,,
572,Core 2019 Welcome Deck - White,M19,7/13/2018,welcome,casual,W,,,,TRUE,,
573,Adaptive Enchantment,C18,8/10/2018,annual-commander,commander,GWU,,,,,,
574,Exquisite Invention,C18,8/10/2018,annual-commander,commander,UR,,,,,,
575,Nature's Vengeance,C18,8/10/2018,annual-commander,commander,BRG,,,,,,
576,Subjective Reality,C18,8/10/2018,annual-commander,commander,WUB,,,,,,
577,"Ral, Caller of Storms",GRN,10/5/2018,planeswalker,casual,UR,,,,,,
578,"Vraska, Regal Gorgon",GRN,10/5/2018,planeswalker,casual,BG,,,,,,
579,Spellslinger Starter Kit,M20,10/5/2018,starter,casual,,Starter Kits,,,,TRUE,
580,Spellslinger Starter Kit,SK1,10/5/2018,starter,casual,,Starter Kits,,,,,
581,Boros,GK1,11/2/2018,guild-kit,casual,RW,,,,,,
582,Dimir,GK1,11/2/2018,guild-kit,casual,UB,,,,,,
583,Golgari,GK1,11/2/2018,guild-kit,casual,BG,,,,,,
584,Izzet,GK1,11/2/2018,guild-kit,casual,UR,,,,,,
585,Selesnya,GK1,11/2/2018,guild-kit,casual,GW,,,,,,
586,Assemble for Battle,GNT,11/16/2018,game-night,casual,W,,,,,,
587,Grow Fierce,GNT,11/16/2018,game-night,casual,G,,,,,,
588,Rise from the Grave,GNT,11/16/2018,game-night,casual,B,,,,,,
589,Take to the Skies,GNT,11/16/2018,game-night,casual,U,,,,,,
590,TOKENS,GNT,11/16/2018,game-night,casual,,,,,,,
591,Unleash Chaos,GNT,11/16/2018,game-night,casual,R,,,,,,
592,"Domri, City Smasher",RNA,1/25/2019,planeswalker,casual,RG,,,,,,
593,"Dovin, Architect of Law",RNA,1/25/2019,planeswalker,casual,WU,,,,,,
594,Deck Builder's Toolkit,RNA,1/25/2019,toolkit,casual,,,,,,TRUE,
595,Azorius,GK2,2/15/2019,guild-kit,casual,WU,,,,,,
596,Gruul,GK2,2/15/2019,guild-kit,casual,RG,,,,,,
597,Orzhov,GK2,2/15/2019,guild-kit,casual,WB,,,,,,
598,Rakdos,GK2,2/15/2019,guild-kit,casual,BR,,,,,,
599,Simic,GK2,2/15/2019,guild-kit,casual,GU,,,,,,
600,Arcane Tempo,Q02,4/12/2019,challenger,standard,URW,,,,,,
601,Deadly Discovery,Q02,4/12/2019,challenger,standard,BG,,,,,,
602,Lightning Aggro,Q02,4/12/2019,challenger,standard,R,,,,,,
603,United Assault,Q02,4/12/2019,challenger,standard,W,,,,,,
604,"Gideon, the Oathsworn",WAR,5/3/2019,planeswalker,casual,WB,,,,,,
605,"Jace, Arcane Strategist",WAR,5/3/2019,planeswalker,casual,GU,,,,,,
606,"Ajani, Inspiring Leader",M20,7/12/2019,planeswalker,casual,W,,,,,,
607,"Chandra, Flame's Fury",M20,7/12/2019,planeswalker,casual,R,,,,,,
608,"Mu Yanling, Celestial Wind",M20,7/12/2019,planeswalker,casual,U,,,,,,
609,"Sorin, Vampire Lord",M20,7/12/2019,planeswalker,casual,B,,,,,,
610,"Vivien, Nature's Avenger",M20,7/12/2019,planeswalker,casual,G,,,,,,
611,Deck Builder's Toolkit,M20,7/12/2019,toolkit,casual,,,,,,TRUE,
612,Core 2020 Welcome Deck - Black,M20,7/12/2019,welcome,casual,B,,,,,,
613,Core 2020 Welcome Deck - Blue,M20,7/12/2019,welcome,casual,U,,,,,,
614,Core 2020 Welcome Deck - Green,M20,7/12/2019,welcome,casual,G,,,,,,
615,Core 2020 Welcome Deck - Red,M20,7/12/2019,welcome,casual,R,,,,,,
616,Core 2020 Welcome Deck - White,M20,7/12/2019,welcome,casual,W,,,,,,
617,Faceless Menace,C19,8/23/2019,annual-commander,commander,BGU,,,,,,
618,Merciless Rage,C19,8/23/2019,annual-commander,commander,BR,,,,,,
619,Mystic Intellect,C19,8/23/2019,annual-commander,commander,URW,,,,,,
620,Primal Genesis,C19,8/23/2019,annual-commander,commander,RGW,,,,,,
621,Faerie Schemes,ELD,10/4/2019,brawl,brawl,WUB,,,,,,
622,Knights' Charge,ELD,10/4/2019,brawl,brawl,RWB,,,,,,
623,Savage Hunger,ELD,10/4/2019,brawl,brawl,BRG,,,,,,
624,Wild Bounty,ELD,10/4/2019,brawl,brawl,GWU,,,,,,
625,"Oko, the Trickster",ELD,10/4/2019,planeswalker,casual,GU,,,,,,
626,"Rowan, Fearless Sparkmage",ELD,10/4/2019,planeswalker,casual,RW,,,,,,
627,Awakening Earth,QJP,11/8/2019,challenger,standard,GU,,,,,,flag-jp
628,Song Dance,QJP,11/8/2019,challenger,standard,RW,,,,,,flag-jp
629,Aerial Acrobatics,GN2,11/15/2019,game-night,casual,U,,,,,,
630,Draconic Fury,GN2,11/15/2019,game-night,casual,R,,,,,,
631,Endless Hordes,GN2,11/15/2019,game-night,casual,B,,,,,,
632,Glorious Combat,GN2,11/15/2019,game-night,casual,W,,,,,,
633,Massive Might,GN2,11/15/2019,game-night,casual,G,,,,,,
634,"Ashiok, Sculptor of Fears",THB,1/24/2020,planeswalker,casual,UB,,,,,,
635,"Elspeth, Undaunted Hero",THB,1/24/2020,planeswalker,casual,W,,,,,,
636,Deck Builder's Toolkit,THB,1/24/2020,toolkit,casual,,,,,,TRUE,
637,Unsanctioned Box Set,UND,2/28/2020,un,casual,,,,,,,
638,Allied Fires,Q03,4/3/2020,challenger,standard,URW,,,,,,
639,Cavalcade Charge,Q03,4/3/2020,challenger,standard,R,,,,,,
640,Final Adventure,Q03,4/3/2020,challenger,standard,BG,,,,,,
641,Flash of Ferocity,Q03,4/3/2020,challenger,standard,GU,,,,,,
642,Arcane Maelstrom,C20,5/15/2020,annual-commander,commander,GUR,,,,,,
643,Enhanced Evolution,C20,5/15/2020,annual-commander,commander,BGU,,,,,,
644,Ruthless Regiment,C20,5/15/2020,annual-commander,commander,URW,,,,,,
645,Symbiotic Swarm,C20,5/15/2020,annual-commander,commander,WBG,,,,,,
646,Timeless Wisdom,C20,5/15/2020,annual-commander,commander,RWB,,,,,,
647,"Basri, Devoted Paladin",M21,7/3/2020,planeswalker,casual,W,,,,,,
648,"Chandra, Flame's Catalyst",M21,7/3/2020,planeswalker,casual,R,,,,,,
649,"Garruk, Savage Herald",M21,7/3/2020,planeswalker,casual,G,,,,,,
650,"Liliana, Death Mage",M21,7/3/2020,planeswalker,casual,B,,,,,,
651,"Teferi, Timeless Voyager",M21,7/3/2020,planeswalker,casual,U,,,,,,
652,Arena Starter Kit,M21,7/3/2020,starter,casual,,Starter Kits,,,,TRUE,
653,Welcome Booster,M21,7/3/2020,welcome,casual,,WB,,,,TRUE,
654,Basri,JMP,7/17/2020,jumpstart,draft,W,Mythic,,TRUE,,,block
655,Unicorns,JMP,7/17/2020,jumpstart,draft,W,Mythic,,TRUE,,,block
656,Angels 1,JMP,7/17/2020,jumpstart,draft,W,Rare,Baneslayer Angel,TRUE,,,block
657,Angels 2,JMP,7/17/2020,jumpstart,draft,W,Rare,"Linvala, Keeper of Silence",TRUE,,,block
658,Dogs 1,JMP,7/17/2020,jumpstart,draft,W,Rare,Selfless Savior,TRUE,,,block
659,Dogs 2,JMP,7/17/2020,jumpstart,draft,W,Rare,"Isamaru, Hound of Konda",TRUE,,,block
660,Enchanted 1,JMP,7/17/2020,jumpstart,draft,W,Rare,Kor Spiritdancer,TRUE,,,block
661,Enchanted 2,JMP,7/17/2020,jumpstart,draft,W,Rare,Celestial Mantle,TRUE,,,block
662,Doctor 1,JMP,7/17/2020,jumpstart,draft,W,Common,Take Heart,TRUE,,,block
663,Doctor 2,JMP,7/17/2020,jumpstart,draft,W,Common,Secure the Scene,TRUE,,,block
664,Doctor 3,JMP,7/17/2020,jumpstart,draft,W,Common,Rhox Faithmender,TRUE,,,block
665,Doctor 4,JMP,7/17/2020,jumpstart,draft,W,Common,Cradle of Vitality,TRUE,,,block
666,Feathered Friends 1,JMP,7/17/2020,jumpstart,draft,W,Common,Moment of Heroism,TRUE,,,block
667,Feathered Friends 2,JMP,7/17/2020,jumpstart,draft,W,Common,Tandem Tactics,TRUE,,,block
668,Feathered Friends 3,JMP,7/17/2020,jumpstart,draft,W,Common,Angel of the Dire Hour,TRUE,,,block
669,Feathered Friends 4,JMP,7/17/2020,jumpstart,draft,W,Common,Archon of Justice,TRUE,,,block
670,Heavily Armored 1,JMP,7/17/2020,jumpstart,draft,W,Common,Feat of Resistance,TRUE,,,block
671,Heavily Armored 2,JMP,7/17/2020,jumpstart,draft,W,Common,Gird for Battle,TRUE,,,block
672,Heavily Armored 3,JMP,7/17/2020,jumpstart,draft,W,Common,"Mikaeus, the Lunarch",TRUE,,,block
673,Heavily Armored 4,JMP,7/17/2020,jumpstart,draft,W,Common,Duelist's Heritage,TRUE,,,block
674,Legion 1,JMP,7/17/2020,jumpstart,draft,W,Common,Blessed Sanctuary,TRUE,,,block
675,Legion 2,JMP,7/17/2020,jumpstart,draft,W,Common,Inspiring Captain,TRUE,,,block
676,Legion 3,JMP,7/17/2020,jumpstart,draft,W,Common,Fortify + Glorious Anthem,TRUE,,,block
677,Legion 4,JMP,7/17/2020,jumpstart,draft,W,Common,"Lena, Selfless Champion",TRUE,,,block
678,Milling,JMP,7/17/2020,jumpstart,draft,U,Mythic,,TRUE,,,block
679,Teferi,JMP,7/17/2020,jumpstart,draft,U,Mythic,,TRUE,,,block
680,Pirates 1,JMP,7/17/2020,jumpstart,draft,U,Rare,Coastal Piracy,TRUE,,,block
681,Pirates 2,JMP,7/17/2020,jumpstart,draft,U,Rare,Curious Obsession,TRUE,,,block
682,Spirits 1,JMP,7/17/2020,jumpstart,draft,U,Rare,Essence Flux,TRUE,,,block
683,Spirits 2,JMP,7/17/2020,jumpstart,draft,U,Rare,Rattlechains,TRUE,,,block
684,Under the Sea 1,JMP,7/17/2020,jumpstart,draft,U,Rare,Tolarian Kraken,TRUE,,,block
685,Under the Sea 2,JMP,7/17/2020,jumpstart,draft,U,Rare,Whelming Wave,TRUE,,,block
686,Above the Clouds 1,JMP,7/17/2020,jumpstart,draft,U,Common,"Inniaz, the Gale Force + Warden of Evos Isle",TRUE,,,block
687,Above the Clouds 2,JMP,7/17/2020,jumpstart,draft,U,Common,Serendib Efreet,TRUE,,,block
688,Above the Clouds 3,JMP,7/17/2020,jumpstart,draft,U,Common,Windreader Sphinx,TRUE,,,block
689,Above the Clouds 4,JMP,7/17/2020,jumpstart,draft,U,Common,"Kira, Great Glass-Spinner",TRUE,,,block
690,Archaeology 1,JMP,7/17/2020,jumpstart,draft,U,Common,Chromatic Sphere,TRUE,,,block
691,Archaeology 2,JMP,7/17/2020,jumpstart,draft,U,Common,Dreamstone Hedron,TRUE,,,block
692,Archaeology 3,JMP,7/17/2020,jumpstart,draft,U,Common,Vedalken Archmage,TRUE,,,block
693,Archaeology 4,JMP,7/17/2020,jumpstart,draft,U,Common,Scarecrone,TRUE,,,block
694,Well-Read 1,JMP,7/17/2020,jumpstart,draft,U,Common,"Ormos, Archive Keeper + Narcolepsy",TRUE,,,block
695,Well-Read 2,JMP,7/17/2020,jumpstart,draft,U,Common,Arcane Encyclopedia,TRUE,,,block
696,Well-Read 3,JMP,7/17/2020,jumpstart,draft,U,Common,Rhystic Study,TRUE,,,block
697,Well-Read 4,JMP,7/17/2020,jumpstart,draft,U,Common,Mystic Archaeologist,TRUE,,,block
698,Wizards 1,JMP,7/17/2020,jumpstart,draft,U,Common,Befuddle,TRUE,,,block
699,Wizards 2,JMP,7/17/2020,jumpstart,draft,U,Common,Riptide Laboratory,TRUE,,,block
700,Wizards 3,JMP,7/17/2020,jumpstart,draft,U,Common,Unsubstantiate,TRUE,,,block
701,Wizards 4,JMP,7/17/2020,jumpstart,draft,U,Common,"Barrin, Tolarian Archmage",TRUE,,,block
702,Liliana,JMP,7/17/2020,jumpstart,draft,B,Mythic,,TRUE,,,block
703,Phyrexian,JMP,7/17/2020,jumpstart,draft,B,Mythic,,TRUE,,,block
704,Discarding 1,JMP,7/17/2020,jumpstart,draft,B,Rare,"Tinybones, Trinket Thief",TRUE,,,block
705,Discarding 2,JMP,7/17/2020,jumpstart,draft,B,Rare,Nyxathid,TRUE,,,block
706,Rogues 1,JMP,7/17/2020,jumpstart,draft,B,Rare,"Gonti, Lord of Luxury",TRUE,,,block
707,Rogues 2,JMP,7/17/2020,jumpstart,draft,B,Rare,Corpse Traders,TRUE,,,block
708,Witchcraft 1,JMP,7/17/2020,jumpstart,draft,B,Rare,Witch's Cauldron,TRUE,,,block
709,Witchcraft 2,JMP,7/17/2020,jumpstart,draft,B,Rare,Blood Divination,TRUE,,,block
710,Minions 1,JMP,7/17/2020,jumpstart,draft,B,Common,Bone Picker,TRUE,,,block
711,Minions 2,JMP,7/17/2020,jumpstart,draft,B,Common,Eternal Taskmaster,TRUE,,,block
712,Minions 3,JMP,7/17/2020,jumpstart,draft,B,Common,Phyrexian Tower,TRUE,,,block
713,Minions 4,JMP,7/17/2020,jumpstart,draft,B,Common,Ghoulcaller Gisa,TRUE,,,block
714,Reanimated 1,JMP,7/17/2020,jumpstart,draft,B,Common,Archfiend's Vessel,TRUE,,,block
715,Reanimated 2,JMP,7/17/2020,jumpstart,draft,B,Common,Macabre Waltz,TRUE,,,block
716,Reanimated 3,JMP,7/17/2020,jumpstart,draft,B,Common,Scourge of Nel Toth,TRUE,,,block
717,Reanimated 4,JMP,7/17/2020,jumpstart,draft,B,Common,Rise of the Dark Realms,TRUE,,,block
718,Spooky 1,JMP,7/17/2020,jumpstart,draft,B,Common,Liliana's Standard Bearer,TRUE,,,block
719,Spooky 2,JMP,7/17/2020,jumpstart,draft,B,Common,Harvester of Souls,TRUE,,,block
720,Spooky 3,JMP,7/17/2020,jumpstart,draft,B,Common,Ogre Slumlord,TRUE,,,block
721,Spooky 4,JMP,7/17/2020,jumpstart,draft,B,Common,Black Market,TRUE,,,block
722,Vampires 1,JMP,7/17/2020,jumpstart,draft,B,Common,Blood Artist,TRUE,,,block
723,Vampires 2,JMP,7/17/2020,jumpstart,draft,B,Common,Blood Host,TRUE,,,block
724,Vampires 3,JMP,7/17/2020,jumpstart,draft,B,Common,Exquisite Blood,TRUE,,,block
725,Vampires 4,JMP,7/17/2020,jumpstart,draft,B,Common,"Drana, Liberator of Malakir",TRUE,,,block
726,Chandra,JMP,7/17/2020,jumpstart,draft,R,Mythic,,TRUE,,,block
727,Seismic,JMP,7/17/2020,jumpstart,draft,R,Mythic,,TRUE,,,block
728,Dragons 1,JMP,7/17/2020,jumpstart,draft,R,Rare,Terror of the Peaks,TRUE,,,block
729,Dragons 2,JMP,7/17/2020,jumpstart,draft,R,Rare,"Lathliss, Dragon Queen",TRUE,,,block
730,Lightning 1,JMP,7/17/2020,jumpstart,draft,R,Rare,Lightning Bolt,TRUE,,,block
731,Lightning 2,JMP,7/17/2020,jumpstart,draft,R,Rare,Ball Lightning,TRUE,,,block
732,Minotaurs 1,JMP,7/17/2020,jumpstart,draft,R,Rare,Herald's Horn,TRUE,,,block
733,Minotaurs 2,JMP,7/17/2020,jumpstart,draft,R,Rare,Rageblood Shaman,TRUE,,,block
734,Devilish 1,JMP,7/17/2020,jumpstart,draft,R,Common,Forge Devil,TRUE,,,block
735,Devilish 2,JMP,7/17/2020,jumpstart,draft,R,Common,Tibalt's Rager,TRUE,,,block
736,Devilish 3,JMP,7/17/2020,jumpstart,draft,R,Common,Brash Taunter,TRUE,,,block
737,Devilish 4,JMP,7/17/2020,jumpstart,draft,R,Common,Hellrider,TRUE,,,block
738,Goblins 1,JMP,7/17/2020,jumpstart,draft,R,Common,"Muxus, Goblin Grandee + Shock",TRUE,,,block
739,Goblins 2,JMP,7/17/2020,jumpstart,draft,R,Common,Battle-Rattle Shaman,TRUE,,,block
740,Goblins 3,JMP,7/17/2020,jumpstart,draft,R,Common,Goblin Chieftain,TRUE,,,block
741,Goblins 4,JMP,7/17/2020,jumpstart,draft,R,Common,"Krenko, Mob Boss",TRUE,,,block
742,Smashing 1,JMP,7/17/2020,jumpstart,draft,R,Common,Flametongue Kavu,TRUE,,,block
743,Smashing 2,JMP,7/17/2020,jumpstart,draft,R,Common,Flames of the Raze-Boar,TRUE,,,block
744,Smashing 3,JMP,7/17/2020,jumpstart,draft,R,Common,Sarkhan's Unsealing,TRUE,,,block
745,Smashing 4,JMP,7/17/2020,jumpstart,draft,R,Common,"Etali, Primal Storm",TRUE,,,block
746,Spellcasting 1,JMP,7/17/2020,jumpstart,draft,R,Common,Blindblast,TRUE,,,block
747,Spellcasting 2,JMP,7/17/2020,jumpstart,draft,R,Common,Young Pyromancer,TRUE,,,block
748,Spellcasting 3,JMP,7/17/2020,jumpstart,draft,R,Common,Dualcaster Mage,TRUE,,,block
749,Spellcasting 4,JMP,7/17/2020,jumpstart,draft,R,Common,Immolating Gyre,TRUE,,,block
750,Garruk,JMP,7/17/2020,jumpstart,draft,G,Mythic,,TRUE,,,block
751,Walls,JMP,7/17/2020,jumpstart,draft,G,Mythic,,TRUE,,,block
752,Cats 1,JMP,7/17/2020,jumpstart,draft,G,Rare,Pouncing Cheetah,TRUE,,,block
753,Cats 2,JMP,7/17/2020,jumpstart,draft,G,Rare,Lurking Predators,TRUE,,,block
754,Elves 1,JMP,7/17/2020,jumpstart,draft,G,Rare,Craterhoof Behemoth,TRUE,,,block
755,Elves 2,JMP,7/17/2020,jumpstart,draft,G,Rare,Allosaurus Shepherd,TRUE,,,block
756,Lands 1,JMP,7/17/2020,jumpstart,draft,G,Rare,Ulvenwald Hydra,TRUE,,,block
757,Lands 2,JMP,7/17/2020,jumpstart,draft,G,Rare,Oracle of Mul Daya,TRUE,,,block
758,Dinosaurs 1,JMP,7/17/2020,jumpstart,draft,G,Common,Setessan Training,TRUE,,,block
759,Dinosaurs 2,JMP,7/17/2020,jumpstart,draft,G,Common,Titanic Growth,TRUE,,,block
760,Dinosaurs 3,JMP,7/17/2020,jumpstart,draft,G,Common,"Selvala, Heart of the Wilds",TRUE,,,block
761,Dinosaurs 4,JMP,7/17/2020,jumpstart,draft,G,Common,Rampaging Brontodon,TRUE,,,block
762,Plus One 1,JMP,7/17/2020,jumpstart,draft,G,Common,Primeval Bounty,TRUE,,,block
763,Plus One 2,JMP,7/17/2020,jumpstart,draft,G,Common,Armorcraft Judge + Branching Evolution,TRUE,,,block
764,Plus One 3,JMP,7/17/2020,jumpstart,draft,G,Common,"Rishkar, Peema Renegade",TRUE,,,block
765,Plus One 4,JMP,7/17/2020,jumpstart,draft,G,Common,Champion of Lambholt,TRUE,,,block
766,Predatory 1,JMP,7/17/2020,jumpstart,draft,G,Common,Neyith of the Dire Hunt + Somberwald Stag,TRUE,,,block
767,Predatory 2,JMP,7/17/2020,jumpstart,draft,G,Common,Affectionate Indrik + Gingerbrute,TRUE,,,block
768,Predatory 3,JMP,7/17/2020,jumpstart,draft,G,Common,Thragtusk,TRUE,,,block
769,Predatory 4,JMP,7/17/2020,jumpstart,draft,G,Common,Ravenous Baloth,TRUE,,,block
770,Tree-Hugging 1,JMP,7/17/2020,jumpstart,draft,G,Common,Ambassador Oak + Primordial Sage,TRUE,,,block
771,Tree-Hugging 2,JMP,7/17/2020,jumpstart,draft,G,Common,Aggressive Urge + Wildsize,TRUE,,,block
772,Tree-Hugging 3,JMP,7/17/2020,jumpstart,draft,G,Common,"Jolrael, Mwonvuli Recluse",TRUE,,,block
773,Tree-Hugging 4,JMP,7/17/2020,jumpstart,draft,G,Common,Soul of the Harvest,TRUE,,,block
774,Rainbow,JMP,7/17/2020,jumpstart,draft,WUBRG,Mythic,,TRUE,,,block
775,Land's Wrath,ZNC,9/25/2020,set-commander,commander,RGW,,,,,,
776,Sneak Attack,ZNC,9/25/2020,set-commander,commander,UB,,,,,,
777,Welcome Booster,ZNR,9/25/2020,welcome,casual,,WB,,,,TRUE,
778,Arm for Battle,CMR,11/20/2020,set-commander,commander,RW,,,,,,
779,Reap the Tides,CMR,11/20/2020,set-commander,commander,GU,,,,,,
780,Elven Empire,KHC,2/5/2021,set-commander,commander,BG,,,,,,
781,Phantom Premonition,KHC,2/5/2021,set-commander,commander,WU,,,,,,
782,Azorius Control,Q05,4/2/2021,challenger,standard,WU,,,,,,
783,Dimir Rogues,Q05,4/2/2021,challenger,standard,UB,,,,,,
784,Mono-Green Stompy,Q05,4/2/2021,challenger,standard,G,,,,,,
785,Mono-Red Aggro,Q05,4/2/2021,challenger,standard,R,,,,,,
786,Lorehold Legacies,C21,4/23/2021,annual-commander,commander,RW,,,,,,
787,Prismari Performance,C21,4/23/2021,annual-commander,commander,UR,,,,,,
788,Quantum Quandrix,C21,4/23/2021,annual-commander,commander,GU,,,,,,
789,Silverquill Statement,C21,4/23/2021,annual-commander,commander,WB,,,,,,
790,Witherbloom Witchcraft,C21,4/23/2021,annual-commander,commander,BG,,,,,,
791,Aura of Courage,AFC,7/23/2021,set-commander,commander,GWU,,,,,,
792,Draconic Rage,AFC,7/23/2021,set-commander,commander,RG,,,,,,
793,Dungeons of Death,AFC,7/23/2021,set-commander,commander,WUB,,,,,,
794,Planar Portal,AFC,7/23/2021,set-commander,commander,BR,,,,,,
795,Welcome Booster,AFR,7/23/2021,welcome,casual,,WB,,,,TRUE,
796,2021 Arena Starter Kit,AFR,8/6/2021,starter,casual,,Starter Kits,,,,,
797,Coven Counters,MIC,9/24/2021,set-commander,commander,GW,,,,,,
798,Undead Unleashed,MIC,9/24/2021,set-commander,commander,UB,,,,,,
799,Welcome Booster,MID,9/24/2021,welcome,casual,,WB,,,,TRUE,
800,Azorius Spirits,Q06,10/15/2021,challenger,pioneer,WU,,,,,,
801,Lotus Field Combo,Q06,10/15/2021,challenger,pioneer,BGU,,,,,,
802,Mono-Red Burn,Q06,10/15/2021,challenger,pioneer,R,,,,,,
803,Orzhov Auras,Q06,10/15/2021,challenger,pioneer,WB,,,,,,
804,Spirit Squadron,VOC,11/19/2021,set-commander,commander,WU,,,,,,
805,Vampiric Bloodline,VOC,11/19/2021,set-commander,commander,BR,,,,,,
806,Buckle Up,NEC,2/18/2022,set-commander,commander,WU,,,,,,
807,Upgrades Unleashed,NEC,2/18/2022,set-commander,commander,RG,,,,,,
808,Dimir Control,Q07,4/1/2022,challenger,standard,UB,,,,,,
809,Gruul Stompy,Q07,4/1/2022,challenger,standard,RG,,,,,,
810,Mono-White Aggro,Q07,4/1/2022,challenger,standard,W,,,,,,
811,Rakdos Vampires,Q07,4/1/2022,challenger,standard,BR,,,,,,
812,Obscura Operation,NCC,4/29/2022,set-commander,commander,WUB,,,,,,
813,Maestros Massacre,NCC,4/29/2022,set-commander,commander,UBR,,,,,,
814,Riveteers Rampage,NCC,4/29/2022,set-commander,commander,BRG,,,,,,
815,Cabaretti Cacophony,NCC,4/29/2022,set-commander,commander,RGW,,,,,,
816,Bedecked Brokers,NCC,4/29/2022,set-commander,commander,GWU,,,,,,
817,Welcome Booster,SNC,4/29/2022,welcome,casual,,WB,,,,TRUE,
818,2022 Starter Kit - Up and Away,SNC,6/3/2022,starter,casual,WU,Starter Kits,,,,,
819,2022 Starter Kit - Earth Shakers,SNC,6/3/2022,starter,casual,RG,Starter Kits,,,,,
820,Mind Flayarrrs,CLB,6/10/2022,set-commander,commander,UB,,,,,,
821,Exit from Exile,CLB,6/10/2022,set-commander,commander,RG,,,,,,
822,Party Time,CLB,6/10/2022,set-commander,commander,WB,,,,,,
823,Draconic Dissent,CLB,6/10/2022,set-commander,commander,UR,,,,,,
824,Legends' Legacy,DMC,9/9/2022,set-commander,commander,RWB,,,,,,
825,Painbow,DMC,9/9/2022,set-commander,commander,WUBRG,,,,,,
826,Welcome Booster,DMU,9/9/2022,welcome,casual,,WB,,,,TRUE,
837,Necron Dynasties,40K,10/7/2022,set-commander,commander,B,,,TRUE,TRUE,,
838,Forces of the Imperium,40K,10/7/2022,set-commander,commander,WUB,,,TRUE,TRUE,,
839,The Ruinous Powers,40K,10/7/2022,set-commander,commander,UBR,,,TRUE,TRUE,,
840,Tyranid Swarm,40K,10/7/2022,set-commander,commander,GUR,,,TRUE,TRUE,,
841,Glorious Combat,GN3,10/14/2022,game-night,casual,W,,,TRUE,TRUE,,
842,Political Trickery,GN3,10/14/2022,game-night,casual,U,,,TRUE,TRUE,,
843,Dark Sacrifice,GN3,10/14/2022,game-night,casual,B,,,TRUE,TRUE,,
844,Draconic Fury,GN3,10/14/2022,game-night,casual,R,,,TRUE,TRUE,,
845,Boundless Elves,GN3,10/14/2022,game-night,casual,G,,,TRUE,TRUE,,
846,Pioneer Dimir Control,Q08,11/4/2022,challenger,pioneer,UB,,,TRUE,TRUE,,
847,Pioneer Gruul Stompy,Q08,11/4/2022,challenger,pioneer,RG,,,TRUE,TRUE,,
848,Orzhov Humans,Q08,11/4/2022,challenger,pioneer,WB,,,TRUE,TRUE,,
849,Izzet Phoenix,Q08,11/4/2022,challenger,pioneer,UR,,,TRUE,TRUE,,
850,Urza's Iron Alliance,BRC,11/18/2022,set-commander,commander,WUB,,,TRUE,TRUE,,
851,Mishra's Burnished Banner,BRC,11/18/2022,set-commander,commander,UBR,,,TRUE,TRUE,,
